title,year,country,genre,director,description,poster_url,movie_page_url,, id
Մսյո Ազնավուր,2024,Ֆրանսիա,Կենսագրական,"Մեհդի Իդիր, Գրան Կոր Մալադ","Շառլ Ազնավուրի կյանքի ուղին՝ առաջին քայլերից մինչև համաշխարհային հռչակ։ Պատմություն երաժշտության հանդեպ կրքի, աննկուն կամքի և աշխատասիրության մասին։",https://hayertv.com/uploads/posts/2025-06/stru.jpg,https://hayertv.com/hy/haykakan-filmer/37857-monsieur-aznavour.html,,1
Պատերազմ և Քոչարի,2024,"Հայաստան, Ռուսաստան",Պատմական,Սարիկ Անդրեասյան,"Իրական դեպքերի վրա հիմնված պատմություն հայկական հեռավոր գյուղից ռազմաճակատ մեկնած ընկերների մասին։ Հաղթահարելով պատերազմի դժվարությունները՝ հերոսները հասնում են Բեռլին, որտեղ Ռայխստագի պատերի տակ պարում են իրենց հաղթական Քոչարին։",https://hayertv.com/uploads/posts/2025-05/ghck.jpg,https://hayertv.com/hy/haykakan-filmer/37841-paterazm-ev-qochari.html,,2
Մեդալի հակառակ կողմը,2024,Հայաստան,Դրամա,Աննա Մաքսիմ,Սպորտային դրամա ծանրորդ Նազիկ Ավդալյանի կյանքի մասին։ Ծանր ավտովթարից հետո դուրս մնալով սպորտից՝ նա տարիներ անց վերադառնում է՝ հաղթահարելով ցավն ու կասկածները և կրկին նվաճում Եվրոպայի չեմպիոնի տիտղոսը։,https://hayertv.com/uploads/posts/2025-04/medium/medal.jpg,https://hayertv.com/hy/haykakan-filmer/37822-medal.html,,3
Գործակալ 044․ Օպերացիա Գառնի,2023,Հայաստան,Կատակերգություն,Հայկ Կբեյան,"Գործակալ Հենզել Բրուտենցը և լեյտենանտ Աննա Աբրահամյանը փնտրում են առևանգված լրագրողին։ Հետաքննությունը վերածվում է զավեշտալի և դինամիկ արկածի, որտեղ Հենզելը ստիպված է լինում անընդհատ կերպարանափոխվել։",https://hayertv.com/uploads/posts/2023-02/mrg.jpg,https://hayertv.com/hy/haykakan-filmer/36435-gorcakal-044-operacija-garni-gortsakal-044-operacia-garni-2023.html,,4
Օպերացիա «Մեծապատիվ Մուրացկաններ»,2023,Հայաստան,Կատակերգություն,Արշո Հարությունյան,"Ֆիլմի հերոսը թատերական ինստիտուտից հեռացված անհաջողակ ռեժիսոր է, ով ներքաշվում է զավեշտալի և համարձակ իրադարձությունների մեջ։",https://hayertv.com/uploads/posts/2023-11/xfgtj.jpg,https://hayertv.com/hy/haykakan-filmer/37436-operasia-mecapativ-murackanner.html,,5
31 Մետր,2020,Հայաստան,Մարտաֆիլմ,Նարեկ Խաչատրյան,"Մի հետաքրքրասեր մարդ պատահաբար գտնում է հին ձեռագիր քարտեզ։ Ուսումնասիրելով այն՝ նա հասկանում է, որ դրա հետևում թաքնված է մեծ գաղտնիք, և ստիպված է լինում անցնել սարսափելի փորձությունների միջով։",https://hayertv.com/uploads/posts/2024-12/cfgj.jpg,https://hayertv.com/hy/haykakan-filmer/29584-31-31-metr-31-metr-2020.html,,6
Գարուն ա,2024,Հայաստան,Պատմական,Ռոման Մուշեղյան,"Ֆիլմը պատմում է երեք սերունդների՝ պապի, որդու և թոռան մասին, որոնց կյանքը փոխվում է քառօրյա պատերազմի պատճառով։ Յուրաքանչյուր հերոս ունի իր աշխարհայացքը, սակայն պատերազմը ստիպում է վերարժեքավորել ամեն ինչ։",https://hayertv.com/uploads/posts/2024-08/medium/garun-a.jpg,https://hayertv.com/hy/haykakan-filmer/34231-garuna.html,,7
Թամզարա,2024,Հայաստան,Դրամա,Նադի Իսպիրյան,"Պարուհի Թամզարան, հաղթահարելով դավաճանության ցավը, սիրահարվում է ավանդական ընտանիքից սերող Աթոյին։ Սակայն նրանց սերը բախվում է ընտանեկան կարծրատիպերի և անցյալի գաղտնիքների հետ։",https://hayertv.com/uploads/posts/2024-02/1100319693.jpg,https://hayertv.com/hy/haykakan-filmer/37546-tomzara-2024-film.html,,8
Ամերիկացի,2022,Հայաստան,Դրամա,Մայքլ Գուրջյան,Հայոց ցեղասպանությունից մանուկ հասակում փրկված Չարլին տարիներ անց վերադառնում է Հայաստան և ձերբակալվում։ Բանտախցից նա հետևում է մոտակա տանը ապրող հայ զույգի կյանքին՝ վերագտնելով իր կապը հայրենիքի հետ։,https://hayertv.com/uploads/posts/2024-05/medium/amerikatsi-min.jpg,https://hayertv.com/hy/haykakan-filmer/37641-amerikatsi.html,,9
7 օր 7 գիշեր,2024,Հայաստան,Կատակերգություն,Միքայել Պողոսյան,Ազգագրագետ Հովհաննեսը փորձում է ՅՈՒՆԵՍԿՕ-ի ներկայացուցիչներին ցուցադրել հայկական ավանդական հարսանիքը։ Սակայն վնասվածքի պատճառով գործը հանձնարարվում է մի ռուս ընտանիքի և անլուրջ օգնականի՝ ստեղծելով իսկական քաոս։,https://hayertv.com/uploads/posts/2024-06/1717327990.jpg,https://hayertv.com/hy/haykakan-filmer/37642-7-or-7-gisher.html,,10
Վանա ծովուն արշալույսը,2022,Հայաստան,Դրամա,"Արտակ Իգիթյան, Վահան Ստեփանյան",80-ամյա Կարապետը փորձում է իր՝ Ամերիկայում ձուլված ժառանգների մեջ արթնացնել ազգային ինքնագիտակցությունը և պահպանել կապը կորսված հայրենիքի հետ։,https://hayertv.com/uploads/posts/2024-04/xfgh.jpg,https://hayertv.com/hy/haykakan-filmer/37628-vana-covun-arshaluysy.html,,11
Էրկեն Կիշեր,2018,Հայաստան,Դրամա,Էդգար Բաղդասարյան,Տարբեր դարաշրջանների հերոսների ճակատագրերը կապված են խորհրդավոր գնդաձև քարի հետ։ Ֆիլմը անցնում է Նարեկացու ժամանակներից մինչև 1915 թվականի կոտորածներ և հասնում մեր օրեր՝ պատմելով մարդկային բարդ փոխհարաբերությունների մասին։,https://hayertv.com/uploads/posts/2024-04/ghjku.jpg,https://hayertv.com/hy/haykakan-filmer/23002-erken-kisher-erken-kisher-2018.html,,12
Վարդապետի Լռությունը,2015,Հայաստան,"Կենսագրական, Դրամա",Վիգեն Չալդրանյան,Ժամանակակից գրողը փորձում է վեպ գրել Կոմիտասի մասին՝ անցնելով նրա տառապանքի ճանապարհով։ Ֆիլմը բացահայտում է Կոմիտասի կյանքի փարիզյան շրջանը և Վիլժուիֆ հոգեբուժարանում անցկացրած տարիները։,https://hayertv.com/uploads/posts/2024-04/1587861700_1451843697_927651.jpg,https://hayertv.com/hy/haykakan-filmer/1615-vardapeti-lrucyune-2016.html,,13
Մի խելագարի պատմություն,2015,"Հայաստան, Ֆրանսիա","Դրամա, Պատմական",Ռոբեր Գեդիգյան,"1980-ականներին մարսելաբնակ հայ երիտասարդ Արամը Փարիզում պայթեցնում է թուրք դեսպանի մեքենան։ Վիրավորվում է անցորդ Ժիլը։ Արամը միանում է ազատագրական պայքարին, իսկ նրա մայրը այցելում է վիրավոր Ժիլին՝ ներողություն խնդրելու։",https://hayertv.com/uploads/posts/2020-04/1587861487_1477139387_53227236.jpg,https://hayertv.com/hy/haykakan-filmer/9128--istoriya-sumasshedshego-une-histoire-de-fou-2015.html,,14
Խոստում,2016,"ԱՄՆ, Հայաստան","Դրամա, Պատմական",Թերի Ջորջ,"Օսմանյան կայսրության վերջին օրերին ծավալվող սիրո եռանկյունի հայ ուսանող Մայքլի, ամերիկացի լրագրող Քրիսի և ֆրանսահայ նկարչուհի Աննայի միջև՝ Հայոց ցեղասպանության ֆոնին։",https://hayertv.com/uploads/posts/2024-04/xcghj.jpg,https://hayertv.com/hy/haykakan-filmer/8147-khostum-the-promise-2016.html,,15
Կատարյալ ապուշը,2024,Հայաստան,Կատակերգություն,Տիգրան Նալչաջյան,"Տիգրիսը ցանկանում է փոխել աշխարհը դեպի լավը և վերացնել մարդկային չարությունը, սակայն արդյունքում անընդհատ հայտնվում է անհավանական և զավեշտալի պատմությունների մեջ։",https://hayertv.com/uploads/posts/2024-02/424615063_18313666252131376_1704674240651421409_n.jpg,https://hayertv.com/hy/haykakan-filmer/37570--2024.html,,16
Ես տուն կվերադառնամ,2018,"Ռուսաստան, Հայաստան",Դրամա,Դարիա Շումակովա,"Սահմանամերձ գյուղում ապրող Սարոն սպասում է պատերազմից հոր վերադարձին։ Երբ հայրը վերադառնում է, նրանք պետք է սովորեն նորից ճանաչել միմյանց, քանի որ երկուսն էլ փոխվել են տարիների ընթացքում։",https://hayertv.com/uploads/posts/2024-02/dcgfj.jpg,https://hayertv.com/hy/haykakan-filmer/26814--ja-vernus-2018.html,,17
Բարի Օր,2024,Հայաստան,Կատակերգություն,Մհեր Մխիթարյան,Տաքսիստ Հենդոյի ֆանտաստիկ և զվարճալի արկածները։,https://hayertv.com/uploads/posts/2024-02/1706273838_bari-or.jpg,https://hayertv.com/hy/haykakan-filmer/37545-bari-or.html,,18
Երեվան բլյուզ: 25 տարի անց,2024,Հայաստան,Կատակերգություն,Միքայել Պողոսյան,25 տարի անց սիրված հերոս Հաբեթիկը վերադառնում է էկրան՝ նոր պատմություններով և հիշողություններով։,https://hayertv.com/uploads/posts/2024-02/340669262.jpg,https://hayertv.com/hy/haykakan-filmer/37547-yerevan-blyuz25-tari-anc.html,,19
Սոսի Լոսը Վեգասում,2024,Հայաստան,Կատակերգություն,Հարություն Խալաֆյան,Վեգասում անցկացրած խելահեղ գիշերվանից հետո ընկերները փորձում են վերականգնել դեպքերի ընթացքը և գտնել անհետացած ընկերոջը։,https://hayertv.com/uploads/posts/2024-01/1704307190.jpg,https://hayertv.com/hy/haykakan-filmer/37492-sos-los-in-vegas.html,,20
Մի անգամ դպրոցում,2021,Հայաստան,Կատակերգություն,Հարություն Խալաֆյան,"Անհնազանդ աշակերտ Տիգրանը իմանում է, որ իր դպրոցը փակման վտանգի տակ է։ Նա որոշում է փրկել այն՝ մասնակցելով ինտելեկտուալ մրցույթի, որում նրան օգնում են առեղծվածային պահակի տված կախարդական գրքերը։",https://hayertv.com/uploads/posts/2023-01/mi_angam_dprocum.jpg,https://hayertv.com/hy/haykakan-filmer/32220--2021.html,,21
Ձյունանուշ,2018,Հայաստան,Կատակերգություն,Արմեն Սիմոնյան,Դպրոցական Աստղիկը հանդիպում է իսկական Ձյունանուշին և օգնում նրան ազատվել գերությունից և հասցնել կորցրած նամակները Ձմեռ պապին՝ փրկելով Ամանորը։,https://hayertv.comhttps://hayertv.org/uploads/posts/2023-01/1582681069_javkjavrt.jpg,https://hayertv.com/hy/haykakan-filmer/28412--snegurochka-2018.html,,22
Դասարանցիները,2020,Հայաստան,Կատակերգություն,Տիգրան Նալչաջյան,"Դպրոցական սիրո և ընկերության մասին պատմություն։ Աշակերտները պայքարում են իրենց դասղեկի համար, սակայն հայտնվում է նոր և անփորձ ուսուցիչ, ինչը հանգեցնում է անսպասելի զարգացումների։",https://hayertv.com/uploads/posts/2020-02/1581560558_1581356303_aseyh.jpg,https://hayertv.com/hy/haykakan-filmer/28214--dasarancinery-2020.html,,23
Սխալ Կինո,2023,Հայաստան,Կատակերգություն,Էլեն Նիկողոսյան,"Չորս անհաջողակ ընկերներ, գնալով քաղաքից դուրս՝ տարեդարձ նշելու, հայտնվում են վտանգավոր, բայց զավեշտալի իրավիճակում՝ փորձելով ողջ մնալ։",https://hayertv.com/uploads/posts/2023-12/1001002282.jpg,https://hayertv.com/hy/haykakan-filmer/37455--sxal-kino-2023.html,,24
Սուրեն,2023,"Ռուսաստան, Հայաստան",Դրամա,Վալերի Վարդանյան,"44-օրյա պատերազմից հետո արցախցի ծերունի Սուրենը հրաժարվում է լքել իր տունը, մինչ խաղաղապահները փորձում են ապահովել բնակիչների տարհանումը։",https://hayertv.com/uploads/posts/2023-10/174629.jpg,https://hayertv.com/hy/haykakan-filmer/37420-suren.html,,25
Ռոզալի,2023,Հայաստան,Կատակերգություն,Դավիթ Բաբախանյան,"Գիտնականները ստեղծում են Ռոզալի անունով կին-ռոբոտի, որը պետք է սովորի զգալ մարդկային հույզերը։ Նրա փորձարկմանը մասնակցում է պարտքերի մեջ խրված մի երիտասարդ։",https://hayertv.com/uploads/posts/2023-10/cgvhj.jpg,https://hayertv.com/hy/haykakan-filmer/37417-rosali.html,,26
Պոլլի,2022,Հայաստան,Դրամա,Արտեմ Հարությունյան,"10-ամյա Նարեկը գտնում է Պոլլի անունով վիրավոր շանը, որին փնտրում են որսորդները։ Տղան և շունը միասին անցնում են վտանգավոր արկածների միջով։",https://hayertv.comhttps://hayertv.org/uploads/posts/2022-04/polli.jpg,https://hayertv.com/hy/haykakan-filmer/34595-poli-2022.html,,27
Իշխանություն 2,2022,Հայաստան,Դրամա,Մհեր Մկրտչյան,"Շարունակություն։ Ալիսան անցնում է դավաճանությունների և վտանգների միջով՝ հասնելու իր նպատակին, որը, պարզվում է, ավելին է, քան պարզապես իշխանությունը։",https://hayertv.comhttps://hayertv.org/uploads/posts/2022-10/1666046424_chj.jpg,https://hayertv.com/hy/haykakan-filmer/35562-ishxanutyun-2-2-2022.html,,28
Կրկին Դպրոց,2023,Հայաստան,Կատակերգություն,Հարություն Ղուկասյան,"Լևոնը հրաշքով երիտասարդանում է և վերադառնում դպրոց՝ որպես իր երեխաների համադասարանցի, որպեսզի շտկի սխալները և վերականգնի նրանց սերը։",https://hayertv.com/uploads/posts/2023-04/1896124854.jpg,https://hayertv.com/hy/haykakan-filmer/36860--2023.html,,29
ՕԹԹԿ,2023,Հայաստան,Կատակերգություն,Սերժ Գաբյան,"Հարուստ սփյուռքահայը կազմակերպում է մեծ գողություն՝ իր կյանքը փրկելու համար, բայց ամեն ինչ ընթանում է «հայավարի»՝ զավեշտալի շրջադարձներով։",https://hayertv.com/uploads/posts/2023-03/327435591_1595760590937273_7897990112272116643_n.jpg,https://hayertv.com/hy/haykakan-filmer/36676--ottk-2023.html,,30
Վիշապ,2022,Հայաստան,Ֆանտաստիկա,"Ռուբեն Ջաղինյան, Արման Միտոյան",Առաջին հայկական սուպերհերոսական ֆիլմը։ Վիշապը պայքարում է չարի դեմ Երևանի փողոցներում՝ իր ընկերոջ օգնությամբ հաղթահարելով խոչընդոտները։,https://hayertv.comhttps://hayertv.org/uploads/posts/2023-01/435554327866.jpg,https://hayertv.com/hy/haykakan-filmer/34560-film-vishap2022.html,,31
Մեր բակը 25 տարի անց,2021,Հայաստան,Կատակերգություն,Արշալույս Հարությունյան,25 տարի անց «Մեր բակի» հերոսները կրկին էկրանին են։ Հին ու նոր բնակիչները ներքաշվում են մաֆիոզ պատմության մեջ՝ փորձելով պաշտպանել իրենց բակը։,https://hayertv.com/uploads/posts/2021-12/1640819338_1793144600.jpg,https://hayertv.com/hy/haykakan-filmer/33375--4-25-mer-bake-25-tari-anc-2021.html,,32
Անքնություն,2022,Հայաստան,Դրամա,Հարություն Ղուկասյան,"ՏՏ ընկերության հիմնադիրը տառապում է անքնությամբ։ Սխալ զանգը նրան կանգնեցնում է բարդ ընտրության առջև՝ փրկել իր ընտանիքի՞ն, թե՞ անծանոթուհուն։",https://hayertv.comhttps://hayertv.org/uploads/posts/2022-10/vhjl.jpg,https://hayertv.com/hy/haykakan-filmer/35636-filmanqnutyn2022.html,,33
Իշխանություն,2021,Հայաստան,Դրամա,Մհեր Մկրտչյան,"Ֆիլմը անդրադառնում է Հայաստանի քաղաքական իրադարձություններին՝ հեղափոխությունից մինչև պատերազմ, և ցույց է տալիս, թե ինչպես է իշխանությունը ազդում մարդկային ճակատագրերի վրա։",https://hayertv.com/uploads/posts/2022-10/1616801587_chi.jpg,https://hayertv.com/hy/haykakan-filmer/32041--isxanutyun-vlast-2021.html,,34
Հարսանիք թիկունքում,2022,Հայաստան,Դրամա,Արշալույս Հարությունյան,"Ապրիլյան քառօրյա պատերազմի օրերին Գյումրիում հարսանիք է, իսկ սահմանին՝ պատերազմ։ Ֆիլմը ցույց է տալիս կյանքի և մահվան հակադրությունը։",https://hayertv.com/uploads/posts/2022-09/1664325165_zdf.jpg,https://hayertv.com/hy/haykakan-filmer/28519-harsaniqe-tikunqum.html,,35
Սևազգեստ Կանայք,2022,Հայաստան,Կատակերգություն,Գոռ Կիրակոսյան,Մեծահարուստի հոգեհանգստին հայտնվում են նրա սիրուհիները՝ ստեղծելով քաոսային և զավեշտալի իրավիճակ։,https://hayertv.comhttps://hayertv.org/uploads/posts/2022-08/92539.jpg,https://hayertv.com/hy/haykakan-filmer/35337-sevazgest-kanayq.html,,36
Ժառանգը,2021,Հայաստան,Կատակերգություն,Էվելինա Բարսեղյան,"Կատակերգություն, որը ծաղրում է սեռով պայմանավորված աբորտների խնդիրը։ Մայրիշխանություն հիշեցնող ընտանիքում փեսան պայքարում է իր չծնված որդու կյանքի համար։",https://hayertv.comhttps://hayertv.org/uploads/posts/2022-08/jarang.jpg,https://hayertv.com/hy/haykakan-filmer/35319-jarange2021.html,,37
Ուղիղ եթեր,2022,Հայաստան,Կատակերգություն,"Ֆիլիպ Պոսողյան, Օնիկ Հովհաննիսյան",Սկանդալային լրագրողին առևանգում են։ Նրա ընկերները գնում են նրան փրկելու և ընկնում են անհավանական արկածների մեջ։,https://hayertv.comhttps://hayertv.org/uploads/posts/2022-08/205231806.jpg,https://hayertv.com/hy/haykakan-filmer/35287-uxix-eter.html,,38
Քավորը,2016,Հայաստան,Մարտաֆիլմ,Գևորգ Սարգսյան,"Երկու հանցավոր ընտանիքների թշնամանքը վերածվում է սիրո և ատելության բարդ պատմության, երբ Ալեքսը սիրահարվում է թշնամու դստերը՝ Սաբինային։",https://hayertv.com/uploads/posts/2016-09/1474148445_dd5f0a79-139-1920x800-100-scale.jpg,https://hayertv.com/hy/haykakan-filmer/8256--qavore-2016.html,,39
Փոքրիկ Զորավարը,2013,Հայաստան,Կատակերգություն,Հենրի Քոչարյան,"Երկու անհաջողակ փորձում են առևանգել մաֆիոզի որդուն՝ փրկագնի համար, բայց երեխան իսկական պատուհաս է դառնում նրանց գլխին։",https://hayertv.com/uploads/posts/2016-01/1451642764_1369645437_poqrik-zoravary.jpg,https://hayertv.com/hy/haykakan-filmer/1645--2013.html,,40
"Երջանկություն, առողջություն",2018,"Ռուսաստան, Հայաստան",Կատակերգություն,"Արման Մարության, Լեոնիդ Մարգոլին","Երեք տարբեր զույգեր՝ հայկական, ռուսական և թաթարական, պատրաստվում են հարսանիքի, բայց յուրաքանչյուրն ունի իր գաղտնիքներն ու խնդիրները։",https://hayertv.comhttps://hayertv.org/uploads/posts/2022-04/1920x.jpg,https://hayertv.com/hy/haykakan-filmer/34570-yerjankutyun-aroxchutyun-2018.html,,41
Ամանորյա Խառնաշփոթ,2021,Հայաստան,Կատակերգություն,Գարիկ Մաշկարյան,Երեխաները վիրտուալ աշխարհում հայտնվելով՝ սովորում են ընկերության և ընտանիքի կարևորության մասին։,https://hayertv.comhttps://hayertv.org/uploads/posts/2021-12/1640818608_862932293.jpg,https://hayertv.com/hy/haykakan-filmer/33983-amanorya-xarnashpot.html,,42
Ես քեզ հաղթանակ կնվիրեմ,2019,"Հայաստան, Ռուսաստան",Դրամա,Արսեն Աղաջանյան,Առաջնագծի կամավորը խոստանում է հաղթանակ նվիրել սիրելիին։ Տարիներ անց նրա օրագիրը փոխում է ուրիշների կյանքը։,https://hayertv.comhttps://hayertv.org/uploads/posts/2022-03/xztfjx.jpg,https://hayertv.com/hy/haykakan-filmer/27021-esqez-haxtanak-knvirem-2019.html,,43
Վերադարձ,2022,Հայաստան,Դրամա,Արման Գևորգյան,Սփյուռքահայ երիտասարդը մեկնում է Սիրիա՝ ահաբեկիչների ձեռքից փրկելու իր սիրելիի ընտանիքին։,https://hayertv.comhttps://hayertv.org/uploads/posts/2022-03/1646620375_splsl.jpg,https://hayertv.com/hy/haykakan-filmer/34354-veradarc-2022.html,,44
Արյան կանչը,2022,Հայաստան,Պատմական,Արմեն Դալլաքյան,Իրական փաստերի վրա հիմնված ֆիլմ 44-օրյա պատերազմի հերոսների մասին։,https://hayertv.com/uploads/posts/2022-02/1644349133_1791705773.jpg,https://hayertv.com/hy/haykakan-filmer/34232--aryan-kanchy-2022.html,,45
Մարիամ,2005,"Ֆրանսիա, Հայաստան",Դրամա,Էդգար Բաղդասարյան,"Միայնակ ուսուցչուհին տառապում է հոգեկան խանգարումներից, որոնք անհետանում են մայրության սպասումով։",https://hayertv.com/uploads/posts/2022-02/1644184162_mv5by2qxmjkzm2qty2rjos00mtvmlwi3nzaty2y1m2i2ogywmjnmxkeyxkfqcgdeqxvymjiznza4ndq__v1_fmjpg_ux1000_.jpg,https://hayertv.com/hy/haykakan-filmer/34216--mariam-2005.html,,46
Ուրարտու․ Նոյի մոռացված թագավորությունը,2019,Հայաստան,Պատմական,Վագա Վարդանյան,"Վավերագրական ֆիլմ հնագույն Ուրարտու պետության, նրա մշակույթի և պատմության մասին։",https://hayertv.com/uploads/posts/2022-01/1641877590_urartu.jpg,https://hayertv.com/hy/haykakan-filmer/33060-urartu-zabytoe-carstvo-2019.html,,47
Լորիկ,2018,Հայաստան,Ֆանտաստիկա,Ալեքսեյ Զլոբին,"Տարօրինակ դերասան Լորիկը հայտնաբերում է, որ կարող է տեղափոխվել ուրիշ մարդկանց մարմինների մեջ՝ ապրելով նրանց կյանքով։",https://hayertv.com/uploads/posts/2022-01/1641525346_1530489617_458.jpg,https://hayertv.com/hy/haykakan-filmer/20533-lorik-lorik-2018.html,,48
Կանչ,2016,Հայաստան,Դրամա,Գուժ Թադևոսյան,"Երկու հայ պատանիներ փրկվում են կոտորածներից, բայց հայտնվում են թուրքական ռազմական վարժարանում, որտեղից փորձում են փախչել։",https://hayertv.com/uploads/posts/2022-01/1641312303_kanch.jpg,https://hayertv.com/hy/haykakan-filmer/6059-kanch-kanch-2016.html,,49
Սողոմոնի երգերը,2020,Հայաստան,Դրամա,Արման Նշանյան,Ֆիլմը պատմում է Կոմիտասի կյանքի և Համիդյան ջարդերի ժամանակ երկու ընկերուհիների ճակատագրի մասին։,https://hayertv.com/uploads/posts/2021-12/1640818807_756594490.jpg,https://hayertv.com/hy/haykakan-filmer/26775--pesni-solomona-2020.html,,50
Վայրենի տատին կամ Փոքրիկ զորավարը 2,2021,Հայաստան,Կատակերգություն,Հենրի Քոչարյան,"«Փոքրիկ Զորավարի» շարունակությունը։ Վարդանիկը մեծացել է, բայց նրա եղբայրը շարունակում է չարաճճիությունները։",https://hayertv.com/uploads/posts/2021-12/1640725429_36676cf5840caac8a6f754742c17a7fd.jpg,https://hayertv.com/hy/haykakan-filmer/33970--2-2021.html,,51
Լույսի կաթիլներ,2021,Հայաստան,Դրամա,Արման Չիլինգարյան,1990-ականներ։ Զինվորական ծառայությունից և կալանքից հետո Արսենը փորձում է գտնել իր տեղը կյանքում և հանդիպում է Մարիին։,https://hayertv.com/uploads/posts/2021-12/1638930891_xfgfxj.jpg,https://hayertv.com/hy/haykakan-filmer/33792--2021.html,,52
Երբ որ քամին հանդարտվի,2021,"Հայաստան, Ֆրանսիա, Բելգիա",Դրամա,Նորա Մարտիրոսյան,"Ֆրանսիացի աուդիտորը գալիս է Արցախ՝ օդանավակայանը ստուգելու, և բացահայտում է մի ամբողջ աշխարհ՝ իր մարդկանցով ու խնդիրներով։",https://hayertv.com/uploads/posts/2021-12/1638932944_erb_vor_qamin_handartvi.jpg,https://hayertv.com/hy/haykakan-filmer/33796--2021.html,,53
Չնչիկ,2020,Հայաստան,Դրամա,Արամ Շահբազյան,Հեռավոր գյուղում ապրող մտավոր խնդիրներով աղջիկը դառնում է դաժան բարքերի զոհ։,https://hayertv.com/uploads/posts/2021-12/1638932549_xfgh.jpg,https://hayertv.com/hy/haykakan-filmer/33795--2020.html,,54
Փրկության քարտեզ,2015,Հայաստան,Վավերագրական,Արամ Շահբազյան,"Ֆիլմը պատմում է հինգ եվրոպացի միսիոներ կանանց մասին, ովքեր փրկել են հայերին Ցեղասպանության տարիներին։",https://hayertv.com/uploads/posts/2016-01/1452179680_salvation-map.jpg,https://hayertv.com/hy/haykakan-filmer/1620-prkucyan-qartez-2015.html,,55
Զուլալի,2021,Հայաստան,Դրամա,Հայկ Օրդյան,"Նարինե Աբգարյանի վեպի հիման վրա։ Երեք սերնդի կանանց պատմություն, որոնք ապրում են Տավուշի գյուղերից մեկում։",https://hayertv.com/uploads/posts/2020-02/1582679412_-2020.jpg,https://hayertv.com/hy/haykakan-filmer/28411--zulali-zulali-2020.html,,56
"Արև, սարեր ու սեր",2019,Հայաստան,Կատակերգություն,Միքայել Պողոսյան,"Ռուս աղջիկը գալիս է Հայաստան՝ գտնելու իրեն լքած հորը, բայց գտնում է արկածներ և սեր։",https://hayertv.com/uploads/posts/2019-10/1571436682_1553271547-63.jpg,https://hayertv.com/hy/haykakan-filmer/26774--gory-solnce-i-ljubov-2019.html,,57
Անիկո,2019,Հայաստան,Դրամա,Աննա Հարությունյան,Փոքրիկ Անիկոն գյուղում պապիկի հետ ապրելիս սկսում է սիրել ընթերցանությունը՝ յուրահատուկ պայմանի պատճառով։,https://hayertv.com/uploads/posts/2019-09/1567468042_1565005903-77.jpg,https://hayertv.com/hy/haykakan-filmer/26204--aniko-aniko-2019.html,,58
Խավարում,2013,Հայաստան,Դրամա,Արա Երնջակյան,Ֆիլմը նվիրված է Հայոց ցեղասպանության 100-ամյակին և պատմում է երեխաների ճակատագրերի մասին։,https://hayertv.com/uploads/posts/2021-09/1632538233_palspln.jpg,https://hayertv.com/hy/haykakan-filmer/33297--xavarum-2013.html,,59
Դպրոց Առանց Ուսուցիչ,2021,Հայաստան,Կատակերգություն,Հովհաննես Ղազարյան,"Զավեշտալի պատմություններ դպրոցական կյանքից, աշակերտների և ուսուցիչների փոխհարաբերությունների մասին։",https://hayertv.com/uploads/posts/2021-06/1623714229_dproc-aranc-usucich-.jpg,https://hayertv.com/hy/haykakan-filmer/32734-dproc-aranc-usucich-shkola-bez-uchitelja-2021.html,,60
Ախպերս Ու Ես,2021,Հայաստան,Պատմական,Արմեն Դալլաքյան,Ֆիլմը նվիրված է հայրենիքի համար կյանքը զոհած զինվորներին։,https://hayertv.com/uploads/posts/2021-05/1621545193_javkjap.jpg,https://hayertv.com/hy/haykakan-filmer/32541--brat-i-ja-axpers-u-yes-2021.html,,61
Ազնիվ Գողեր,2019,Հայաստան,Կատակերգություն,Գոռ Կիրակոսյան,Հինգ անհաջողակներ փորձում են գողանալ հին մասունքը՝ ոստիկանությանը հանձնելու և պարգևավճար ստանալու համար։,https://hayertv.com/uploads/posts/2020-04/1588199176_azniv-goxer-2019.jpg,https://hayertv.com/hy/haykakan-filmer/26205-azniv-goxer-2019.html,,62
Շքամուտք,2014,Հայաստան,Դրամա,Լուսինե Սարգսյան,"Սովորական շենքի շքամուտքը դառնում է բնակիչների կյանքի, սիրո և դավաճանության վկան։",https://hayertv.com/uploads/posts/2017-10/1507674191_13072676_488994681288244_3946596153162755191_o.jpg,https://hayertv.com/hy/haykakan-filmer/1638-shqamutq-2014.html,,63
Ես եմ,2012,Հայաստան,Դրամա,Վահագն Գրիգորյան,Ֆիլմը նվիրված է Հայոց բանակի կազմավորման 20-ամյակին։,https://hayertv.com/uploads/posts/2018-03/1521382146_es-em.jpg,https://hayertv.com/hy/haykakan-filmer/1410-es-em-2012.html,,64
Եվա,2017,"Հայաստան, Իրան",Դրամա,Անահիտ Աբադ,"Եվան փախչում է իր անցյալից և ապաստան է գտնում Արցախի մի գյուղում, որտեղ պետք է առերեսվի նոր դժվարությունների։",https://hayertv.com/uploads/posts/2017-09/1506282576_eva.jpg,https://hayertv.com/hy/haykakan-filmer/15390-eva-eva-2017.html,,65
Ժաննա,2015,Հայաստան,Կատակերգություն,Արա Երնջակյան,Ժաննա դ'Արկի պատմության հայկականացված և ժամանակակից տարբերակը։,https://hayertv.com/uploads/posts/2016-01/1452176451_34908039.jpg,https://hayertv.com/hy/haykakan-filmer/1613-janna-zhanna-2015.html,,66
Հյուսված զուգահեռներ,2009,"Հայաստան, Ֆրանսիա, Նորվեգիա",Դրամա,Հովհաննես Գալստյան,Երկրորդ համաշխարհային պատերազմի ժամանակ Նորվեգիայում և մեր օրերում Երևանում ապրող կանանց ճակատագրերը խաչվում են օրագրի միջոցով։,https://hayertv.com/uploads/posts/2020-04/1588198931_dtyxdkj.jpg,https://hayertv.com/hy/haykakan-filmer/29095--spletennye-paralleli-2009.html,,67
Սուսերով պար,2019,"Ռուսաստան, Հայաստան",Կենսագրական,Յուսուպ Ռազիկով,Արամ Խաչատրյանի կողմից իր հայտնի «Սուսերով պարի» ստեղծման պատմությունը՝ պատերազմական ծանր պայմաններում։,https://hayertv.com/uploads/posts/2020-04/1587861716_1576028824_maxresdefault.jpg,https://hayertv.com/hy/haykakan-filmer/27407--tanec-s-sabljami-2019.html,,68
Մայրիկ,1991,Ֆրանսիա,Դրամա,Անրի Վեռնոյ,Անրի Վեռնոյի ինքնակենսագրական ֆիլմը՝ Ցեղասպանությունից մազապուրծ եղած և Ֆրանսիայում հաստատված հայ ընտանիքի մասին։,https://hayertv.com/uploads/posts/2020-04/1587859316_film4.jpg,https://hayertv.com/hy/haykakan-filmer/29046-majrik-mayrik-1991.html,,69
Պարադի փողոց 588,1992,Ֆրանսիա,Դրամա,Անրի Վեռնոյ,"«Մայրիկ» ֆիլմի շարունակությունը, որտեղ ռեժիսորը պատմում է իր հասուն կյանքի և հաջողությունների մասին։",https://hayertv.com/uploads/posts/2020-04/1587858880_ulica-paradi-dom-588-588-1991.jpg,https://hayertv.com/hy/haykakan-filmer/29045-ulica-paradi-dom-588-588-1991.html,,70
ԱՐԱՄ,2002,Ֆրանսիա,Թրիլլեր,Ռոբեր Քեշիշյան,"Նախկին ազատամարտիկ Արամը Փարիզում փորձում է վրեժ լուծել իր ընտանիքի համար, ովքեր տուժել են ահաբեկչությունից։",https://hayertv.com/uploads/posts/2020-04/1587859652_aram-aram-2002.jpg,https://hayertv.com/hy/haykakan-filmer/1649-aram-aram-2002.html,,71
Անատոլիական պատմություն,2020,"Հայաստան, Ֆրանսիա",Դրամա,Արտակ Իգիթյան,"Թուրքիային ծառայած ծերունին կյանքի վերջում պարզում է, որ ինքը հայ է, ինչը ստիպում է նրան վերարժեքավորել իր ամբողջ կյանքը։",https://hayertv.com/uploads/posts/2020-04/1585786779_anatolian-story.jpg,https://hayertv.com/hy/haykakan-filmer/28788-anatolijskaja-istorija-anatolian-story-2020.html,,72
Չկրակված փամփուշտներ,2006,Հայաստան,Թրիլլեր,Սամվել Թադևոսյան,"Իրական դեպքերի վրա հիմնված ֆիլմ Արցախյան պատերազմի մասին, որը պատմում է բանաստեղծ և ազատամարտիկ Աղվան Մինասյանի մասին։",https://hayertv.com/uploads/posts/2020-04/1588199772_chkrakvatc_pampushtner_poster.jpg,https://hayertv.com/hy/haykakan-filmer/29096--nestreljanye-patrony-2006.html,,73
Անհայտ բաժանորդ,2019,Հայաստան,Կատակերգություն,Արշո Հարությունյան,"7 ընկերներ խաղ են խաղում՝ բարձրաձայն կարդալով բոլոր ստացված հաղորդագրությունները, ինչը բացահայտում է նրանց գաղտնիքները։",https://hayertv.com/uploads/posts/2019-09/1567467465_1565345076-68.jpg,https://hayertv.com/hy/haykakan-filmer/26203-anhayt-bajanord-2019.html,,74
Շրջադարձ,2015,Հայաստան,Մելոդրամա,Արմեն Սիմոնյան,"Անչափահաս աղջիկը սխալ քայլերի պատճառով հայտնվում է կյանքի հատակում, բայց գտնում է ուժ՝ նորից ոտքի կանգնելու համար։",https://hayertv.com/uploads/posts/2015-11/1448746484_img_1154707259_10325388_701583509915398_8113041948114422669_n.jpg,https://hayertv.com/hy/haykakan-filmer/2251-shrjadardz-turning-2015.html,,75
"Բրավո՛, վիրտուոզ",2016,"Հայաստան, Ֆրանսիա",Կատակերգություն,Լևոն Մինասյան,Երիտասարդ կլառնետահարը պատահաբար ներքաշվում է վտանգավոր խաղի մեջ՝ փորձելով փրկել իր նվագախումբը։,https://hayertv.com/uploads/posts/2017-09/1506282188_bravoo.jpg,https://hayertv.com/hy/haykakan-filmer/2252-bravo-virtuoz-bravo-virtuoz-2016.html,,76
Գործակալ 044։ Օպերացիա Գեղարդ,2018,Հայաստան,Կատակերգություն,Հայկ Կբեյան,Արգենտինահայ գործակալ Հենզել Բրուտենցը գալիս է Հայաստան՝ գտնելու գողացված Սուրբ Գեղարդը։,https://hayertv.com/uploads/posts/2018-09/1538331020_gorcakal-044.jpg,https://hayertv.com/hy/haykakan-filmer/21901--044-gorcakal-044-agent-044-2018.html,,77
Արմեն և ես,2018,Հայաստան,Դրամա,Մաքսիմ Հայրապետով,"Երկու ընկերների պատմություն, ովքեր տարիներ անց հանդիպում են Երևանում և վերհիշում անցյալը։",https://hayertv.com/uploads/posts/2019-12/1576286677_1114864.jpg,https://hayertv.com/hy/haykakan-filmer/18264-armen-i-ya-i-ya-2018.html,,78
Արթնացիր,2018,Հայաստան,Դրամա,Տիգրան Նալչաջյան,Հաջողակ ճարտարապետի կյանքը փոխվում է մի անծանոթ զանգից և հանդիպումից հետո։,https://hayertv.com/uploads/posts/2018-05/1527108690_artnacir-kinohayastan.am-i-hamar.jpg,https://hayertv.com/hy/haykakan-filmer/19825-artnacir-prosnis-2018.html,,79
Դրախտի շողքերը,2014,Հայաստան,Մարտաֆիլմ,Լևոն Խաչատրյան,"Ֆիլմը պատմում է, որ փողն ու հարստությունը երջանկություն չեն բերում, և երբեմն մարդիկ կորցնում են ամենաթանկը։",https://hayertv.com/uploads/posts/2016-01/1451644231_shadows_heaven.jpg,https://hayertv.com/hy/haykakan-filmer/1633-tvernere-draxtum-shadows-in-heanen-2014.html,,80
Լյուդվիգ անունով ոզնին,2018,Հայաստան,Դրամա,Մհեր Մկրտչյան,Հաջողակ փաստաբանի կյանքը կախված է մնում մի փոքրիկ ոզնուց։,https://hayertv.com/uploads/posts/2018-09/1538331256_1536589227-8386.jpg,https://hayertv.com/hy/haykakan-filmer/21902-ezhik-po-imeni-lyudvig-2018.html,,81
Դրախտի դարպասը,2019,Հայաստան,Դրամա,Ջիվան Ավետիսյան,Գերմանացի լրագրողը վերադառնում է Արցախ՝ լուսաբանելու պատերազմը և բախվում է իր անցյալի մեղքերին։,https://hayertv.com/uploads/posts/2019-10/1571689668_1570694698-52.png,https://hayertv.com/hy/haykakan-filmer/26807--nebesnye-vrata-2019.html,,82
Վերջին Բնակիչը,2016,"Հայաստան, Լիտվա",Դրամա,Ջիվան Ավետիսյան,"Հայ-ադրբեջանական հակամարտության հետևանքով դատարկված գյուղում մնացել է միայն Աբգարը, ով պետք է փրկի իր դստերը։",https://hayertv.com/uploads/posts/2016-01/1451843580_99346676.jpg,https://hayertv.com/hy/haykakan-filmer/1616-verjin-bnakiche-the-last-inhabitant-2016.html,,83
Նրա մասին կամ թե ինչպես նա չվախեցավ արջից,2019,Հայաստան,Դրամա,"Նարինե Մկրտչյան, Արսեն Ազատյան",Գյումրիում տեղակայված ռուսական ռազմաբազայի զինծառայողի կողմից իրականացված սպանության մասին ֆիլմ։,https://hayertv.com/uploads/posts/2019-09/1569614877_poster-for-press-500x760.jpg,https://hayertv.com/hy/haykakan-filmer/26487--2019.html,,84
Իմ Խաչը,2019,Հայաստան,Դրամա,Շավարշ Վարդանյան,Իրական պատմությունների վրա հիմնված ֆիլմ Արցախյան պատերազմի հերոսների մասին։,https://hayertv.com/uploads/posts/2019-09/1568855024_-.jpg,https://hayertv.com/hy/haykakan-filmer/26360--moy-krest-im-xache-2019.html,,85
Կիլիկիա. Առյուծների երկիր,2019,Հայաստան,Պատմական,Աշոտ Առաքելյան,Եռապատում Կիլիկիայի հայկական թագավորության պատմության մասին։,https://hayertv.com/uploads/posts/2019-08/1564701310_vpnovo.jpg,https://hayertv.com/hy/haykakan-filmer/26074-kilikiya-zemlya-lvov-cilicia-the-land-of-lions-2019.html,,86
"Հայաստան, իմ սեր",2016,ԱՄՆ,Դրամա,Դիանա Անջելիսոն,"Հայոց ցեղասպանությունից փրկված նկարչի պատմությունը, ով ապրում է ԱՄՆ-ում՝ հիշելով անցյալը։",https://hayertv.com/uploads/posts/2019-04/1556098351_236px-__.jpg,https://hayertv.com/hy/haykakan-filmer/24915--armenia-my-love-armeniya-moya-lyubov-2017.html,,87
Ժամանակն է,2019,Հայաստան,Դրամա,Կամո Ունանյան,Ֆիլմը պատմում է Հայոց ցեղասպանության վրեժխնդրության մասին։,https://hayertv.com/uploads/posts/2019-03/1552433160_1540382429-5811.jpg,https://hayertv.com/hy/haykakan-filmer/22584--nastalo-vremya-jamanakn-e-2018.html,,88
Ա.Կ.Ա,2019,Հայաստան,Դրամա,Արմեն Միրզոյան,"Գեներալի որդին ակամա հանցագործություն է կատարում, ինչը ողբերգական հետևանքներ է ունենում նրա ընտանիքի համար։",https://hayertv.com/uploads/posts/2019-03/1552433067_1551179735-31.jpg,https://hayertv.com/hy/haykakan-filmer/24361--aka-2019.html,,89
Սուպեր Մամա 2,2017,Հայաստան,Կատակերգություն,"Վահագն Խաչատրյան, Արման Մարության",Կարենը կրկին կերպարանափոխվում է կնոջ՝ այս անգամ հայտնվելով կանանց գաղութում։,https://hayertv.com/uploads/posts/2018-01/1515269812_original2.jpg,https://hayertv.com/hy/haykakan-filmer/15274-super-mama-2-2-2017.html,,90
Անմոռանալի օր,2018,Հայաստան,Կատակերգություն,Հենրի Քոչարյան,"Չորս ընկերներ մեկնում են գյուղ՝ տղաների հավաքույթի, բայց հանդիպում են սիրուն և արկածների։",https://hayertv.com/uploads/posts/2019-03/1552434207_1545670224-8147.jpg,https://hayertv.com/hy/haykakan-filmer/23014-anmoranali-or-anmoranali-or-2018.html,,91
Սպիտակ,2018,"Ռուսաստան, Հայաստան",Դրամա,Ալեքսանդր Կոտ,"Ֆիլմը պատմում է 1988-ի Սպիտակի երկրաշարժի մասին՝ Գոռի կերպարի միջոցով, ով վերադառնում է ավերված քաղաք՝ ընտանիքին գտնելու։",https://hayertv.com/uploads/posts/2018-09/1538331696_gnxhgx.jpg,https://hayertv.com/hy/haykakan-filmer/19365-spitak-2018.html,,92
Մեր երազանքի ճանապարհը,2017,Հայաստան,Դրամա,Արամ Շահբազյան և այլք,Յոթ տարբեր պատմություններից բաղկացած կինոալմանախ՝ նկարահանված տարբեր ռեժիսորների կողմից։,https://hayertv.com/uploads/posts/2017-12/1514597671_slug-79935.jpg,https://hayertv.com/hy/haykakan-filmer/17206-mer-yerazanqi-chanaparh-2017.html,,93
Հեքիաթահարված,2018,Հայաստան,Ֆանտաստիկա,Արամիս Տատու,"Հրայրի պատմած հեքիաթները սկսում են իրականանալ, ինչը նա օգտագործում է իր սիրուն հասնելու համար։",https://hayertv.com/uploads/posts/2018-09/1536623496_slug-92189.jpg,https://hayertv.com/hy/haykakan-filmer/21559-heqiataharvats-2018.html,,94
Իմ անցյալի դիմանկարը,2017,Հայաստան,Դրամա,Ֆիլիպ Պոսողյան,"Անհոգ կյանքով ապրող նկարիչը սիրահարվում է, բայց նրա անցյալը խանգարում է նոր հարաբերություններին։",https://hayertv.com/uploads/posts/2017-08/1504177612_1504168077_im-ancyali-dimankare.jpg,https://hayertv.com/hy/haykakan-filmer/15015--im-ancyali-dimankare-2017.html,,95
Անկում,2018,Հայաստան,Դրամա,Զորիկ Հովսեփյան,"Երկու ընկերների պատմություն քրեական աշխարհում, որտեղ անցյալը միշտ հետապնդում է։",https://hayertv.com/uploads/posts/2018-05/1527547540_maxresdefault.jpg,https://hayertv.com/hy/haykakan-filmer/17699-ankum-ankun-2018.html,,96
Հողս գրկեմ է,2016,Հայաստան,Դրամա,Կարեն Մկրտչյան,Հաշմանդամ Սիրուն Անդոն և նրա համագյուղացիները պաշտպանում են իրենց հայրենի հողը։,https://hayertv.com/uploads/posts/2018-03/1520287460_maxresdefault.jpg,https://hayertv.com/hy/haykakan-filmer/4981-hoxs-grkem-2016.html,,97
Նա ում սպասում էին,2016,"Ֆրանսիա, Հայաստան",Դրամա,Սերժ Ավետիքյան,"Ֆրանսիացի դերասանը մոլորվելով հայտնվում է հայկական սահմանամերձ գյուղում, որտեղ նրան շփոթում են ուրիշի հետ։",https://hayertv.com/uploads/posts/2017-09/1505158030_na-um-spasum-ein2.jpg,https://hayertv.com/hy/haykakan-filmer/15175-na-um-spasum-ein-2017.html,,98
3+2 ԿԳ,2016,Հայաստան,Կատակերգություն,Կորյուն Մայիլյան,Ֆիլմը պատմում է ընկերության և երիտասարդներին թմրամիջոցներից հեռու պահելու անհրաժեշտության մասին։,https://hayertv.com/uploads/posts/2016-09/1473760612_snimok_2016_09_13_13_56_13_623.jpg,https://hayertv.com/hy/haykakan-filmer/8007-32-kg-32-2016.html,,99
Առաջին Դեմք,2016,Հայաստան,Կատակերգություն,Հրանտ Երիցկինյան,Երիտասարդը արթնանում է որպես երկրի Նախագահ և փորձում է իրականացնել իր գաղափարները։,https://hayertv.com/uploads/posts/2016-03/1458500425_arajin_demq.jpg,https://hayertv.com/hy/haykakan-filmer/4990-arajin-demq-head-of-state-2016.html,,100
Սիմոր,2017,Հայաստան,Դրամա,Դանիել Հարությունյան,Պատերազմից վերադարձած պոետի եղբայրը տարիներ անց գիրք է գրում նրա մասին։,https://hayertv.com/uploads/posts/2017-12/1514596941_sss.jpg,https://hayertv.com/hy/haykakan-filmer/17204-seymour-2017.html,,101
18+ Դե Տժժա,2016,Հայաստան,Կատակերգություն,Հայկ Կբեյան,Մատուցողը պարտքերից ազատվելու համար պետք է գտնի թաքնված գանձը՝ ներքաշվելով զավեշտալի պատմության մեջ։,https://hayertv.com/uploads/posts/2017-10/1506909209_unnamed.jpg,https://hayertv.com/hy/haykakan-filmer/8150-18-18-de-tjja-2016.html,,102
Կյանք ու կռիվ 2. 25 տարի անց,2017,Հայաստան,Դրամա,Մհեր Մկրտչյան,«Կյանք ու կռիվ» ֆիլմի հերոսների ճակատագրերը 25 տարի անց։,https://hayertv.com/uploads/posts/2017-01/1485633450_slug-65113.jpg,https://hayertv.com/hy/haykakan-filmer/11109-kyanq-u-kriv2-25-tari-anc.html,,103
Արմատներ,2016,Հայաստան,Դրամա,Վահե Յան,"Բոստոնցի լրագրողը գալիս է Հայաստան՝ Ցեղասպանության 100-ամյակը լուսաբանելու, և գտնում է իր արմատներն ու սերը։",https://hayertv.com/uploads/posts/2016-05/1463423727_04761903.jpg,https://hayertv.com/hy/haykakan-filmer/5768-armatner-armatner-2016.html,,104
Չարենց. Մի ճրագ մթում,2017,Հայաստան,Կենսագրական,Վավերագրական,Ֆիլմը նվիրված է Եղիշե Չարենցի կյանքին և ստեղծագործությանը։,https://hayertv.com/uploads/posts/2017-03/1490127648_1489515965_ffy.jpg,https://hayertv.com/hy/haykakan-filmer/12107-charenc-mi-chrag-mtum-2017.html,,105
Կյանք ու կռիվ,2016,Հայաստան,Դրամա,Մհեր Մկրտչյան,Չորս ընկերների ընկերության և սիրո պատմությունը՝ Արցախյան առաջին պատերազմի ֆոնին։,https://hayertv.com/uploads/posts/2016-09/1474050184_86643585.jpg,https://hayertv.com/hy/haykakan-filmer/5495-kyanq-u-kriv.html,,106
Որոգայթ,2015,Հայաստան,Դրամա,Ռոման Մուշեղյան,Համանուն սերիալի մոտիվներով։ Հերոսը հանգամանքների բերումով հայտնվում է քրեական աշխարհում։,https://hayertv.com/uploads/posts/2015-12/1451571793_1447583205_1447582934_380x2502028129.jpg,https://hayertv.com/hy/haykakan-filmer/400-vorogayt-2015.html,,107
Վայ Մամա ջան,2016,Հայաստան,Կատակերգություն,Սերգեյ Հայրապետյան,Բժիշկ Սիմոնյանը հայտնվում է անհավանական և զավեշտալի իրավիճակների կենտրոնում։,https://hayertv.com/uploads/posts/2016-03/1458501079_vay-mama.jpg,https://hayertv.com/hy/haykakan-filmer/4806-vay-mama-jan-vay-mama-dzhan-2016.html,,108
3 շաբաթ Երևանում,2016,Հայաստան,Կատակերգություն,"Վահե Բերբերյան, Վահիկ Փիրհամզեյի",Լոս Անջելեսից ժամանած ռեժիսորները փորձում են ֆիլմ նկարահանել Երևանում։,https://hayertv.com/uploads/posts/2016-09/1473017507_a5cabbc0-426d-4c1e-bdf8-e2daf0cc6da2.jpg,https://hayertv.com/hy/haykakan-filmer/6842-3-shabat-yerevanum-3-weeks-in-yerevan-2016.html,,109
Արամմա,2015,Հայաստան,Կատակերգություն,Կարեն Բաբաջանյան,Արամը մեկնում է էկզոտիկ ճանապարհորդության և հայտնվում վայրի ցեղերի մոտ։,https://hayertv.com/uploads/posts/2016-01/1451671985_1448021572_aramma.jpg,https://hayertv.com/hy/haykakan-filmer/1941-aramma-aramma-2015.html,,110
Փախիր կամ ամուսնացիր,2016,Հայաստան,Կատակերգություն,Հայկ Կբեյան,"Տաքսիստ Աղասիկի մեքենան է նստում հարսանիքից փախած հարսնացուն, և սկսվում են նրանց արկածները։",https://hayertv.com/uploads/posts/2016-02/1454713158_1454712611_paxir-kam-amusnacir.jpg,https://hayertv.com/hy/haykakan-filmer/3997-paxir-kam-amusnacir-2016.html,,111
Իմ քեռի Ռաֆայելը,2012,ԱՄՆ,Կատակերգություն,Մարկ Ֆուսկո,Հայ քեռի Ռաֆայելը հայտնվում է ամերիկյան ռեալիթի շոուում և փորձում փրկել մի ամերիկյան ընտանիք։,https://hayertv.com/uploads/posts/2015-12/1451072990_1451051401_12376562_1039279276124980_5638983270456157208_n.jpg,https://hayertv.com/hy/haykakan-filmer/3060-im-qeri-rafayele-moy-dadya-rafael-2012.html,,112
Երկրաշարժ,2016,"Ռուսաստան, Հայաստան",Դրամա,Սարիկ Անդրեասյան,Ֆիլմ 1988 թվականի Սպիտակի ավերիչ երկրաշարժի և մարդկային ճակատագրերի մասին։,https://hayertv.com/uploads/posts/2016-12/1481050651_7e2146c0341541cf65cf49a6f923269f.jpg,https://hayertv.com/hy/haykakan-filmer/2356-zemletryasenie-erkrasharj-2016.html,,113
Առյուծների թագավորություն,2017,Հայաստան,Պատմական,Աշոտ Առաքելյան,Ֆիլմ Կիլիկյան Հայաստանի թագավորության մասին։,https://hayertv.com/uploads/posts/2016-12/1480774895_snimok_2016_12_03_18_01_14_68.jpg,https://hayertv.com/hy/haykakan-filmer/10246--kingdom-of-lions-korolevstvo-lvov-2017.html,,114
Ճամբարում 2,2016,Հայաստան,Կատակերգություն,Հայկ Ավագյան,«Ճամբարում» ֆիլմի շարունակությունը երեխաների ամառային արկածների մասին։,https://hayertv.com/uploads/posts/2016-10/1475438802_unnamed_poster.jpg,https://hayertv.com/hy/haykakan-filmer/8649-chambarum-2-2-2016.html,,115
Ճամբարում,2014,Հայաստան,Կատակերգություն,Աշոտ Հակոբյան,Ծնողները որոշում են երեխաներին կտրել էլեկտրոնային աշխարհից և ուղարկել ճամբար։,https://hayertv.com/uploads/posts/2016-01/1451642932_1414153876_chambarum.jpg,https://hayertv.com/hy/haykakan-filmer/1634-chambarum-2014.html,,116
ԽԱՌԸ,2015,Հայաստան,Կատակերգություն,Զորո Հովսեփյան,Երեք ընկերներ փորձում են ֆիլմ նկարահանել առանց գումարի։,https://hayertv.com/uploads/posts/2016-09/1474227209_33b25ef339ac7dc239f431129171f3f9_m.jpg,https://hayertv.com/hy/haykakan-filmer/8276-xare-xshti-kino-2015.html,,117
Խելագարության Սահմանին,2016,Հայաստան,Թրիլլեր,"Ալբերտ Սաֆարյան, Տիգրան Մնացականյան","Հոգեբանական թրիլեր, որը նկարահանվել է ստեղծագործական խմբի սեփական միջոցներով։",https://hayertv.com/uploads/posts/2016-09/1474226539_d403dad01acecff8ecb8042bd9e4fbd8_m.jpg,https://hayertv.com/hy/haykakan-filmer/8275-xelagarutyan-sahmanin-2016.html,,118
Ծիրանի այգիներ,2016,Հայաստան,Դրամա,Պուրիա Հեյդարի,Սիրահար զույգի պատմություն՝ հայ-իրանական համատեղ արտադրության ֆիլմում։,https://hayertv.com/uploads/posts/2016-09/1473197444_apricot-groves_poster_goldposter_com_1.jpg0o_0l_300w_70q.jpg,https://hayertv.com/hy/haykakan-filmer/8056-apricot-groves-2016.html,,119
Հանի մանի,2015,"Ռուսաստան, Հայաստան",Կատակերգություն,Արսեն Աղաջանյան,Բանկի աշխատակիցը կորցնում է աշխատանքը և փորձում է փրկել իրավիճակը ռիսկային գործարքի միջոցով։,https://hayertv.com/uploads/posts/2016-09/1473189540_923478.jpg,https://hayertv.com/hy/haykakan-filmer/8053--hani-mani-2015.html,,120
Կինը,2013,Հայաստան,Դրամա,Արշակ Զաքարյան,"Ֆիլմ կնոջ և նրա որդու մասին, ով մեկնում է բանակ։ Օգտագործվել են Արցախյան պատերազմի մասնակիցների իրական իրեր։",https://hayertv.com/uploads/posts/2016-07/1468181154_1467886767_kine.jpg,https://hayertv.com/hy/haykakan-filmer/7252--kine-2013.html,,121
Փորձաշրջան,2016,Հայաստան,Կատակերգություն,Քաջայր Հակոբյան,Երկու երիտասարդներ պայքարում են նույն աշխատատեղի համար՝ ընկնելով զավեշտալի իրավիճակների մեջ։,https://hayertv.com/uploads/posts/2016-05/1463519465_porddzashrjan.jpg,https://hayertv.com/hy/haykakan-filmer/6301-pordzashrjan-ispytatelnyy-srok-2016.html,,122
Անավարտ թռիչք,2015,Հայաստան,Դրամա,Ելենա Արշակյան,"Սիրո պատմություն, որն ընդհատվում է ողբերգական ավիավթարով։ Նվիրված է A-320 չվերթի զոհերի հիշատակին։",https://hayertv.com/uploads/posts/2015-12/1451573125_1423475152_10940573_978621592166930_2581124365552677729_n.jpg,https://hayertv.com/hy/haykakan-filmer/399-anavart-trichq-2015.html,,123
Երկու աշխարհից ի հիշատակ,2012,Հայաստան,Դրամա,Նիկա Շեկ,"Փոքրիկ Աշխենի ճակատագիրը, ով կորցնում է մորը և խորթ մորը 1994 թվականի իրադարձությունների ժամանակ։",https://hayertv.com/uploads/posts/2016-09/1473195991_iphone360_741794.jpg,https://hayertv.com/hy/haykakan-filmer/8055-iz-dvuh-mirov-na-pamyat-from-two-worlds-as-a-keepsake-2012.html,,124
Սպանել 15 րոպեում,2015,Հայաստան,Մարտաֆիլմ,Նաիրի Հակոբյան,Հերոսը կորցնում է հիշողությունը և փորձում է վերականգնել արդարությունը։,https://hayertv.com/uploads/posts/2016-01/1451643696_getimage3.jpg,https://hayertv.com/hy/haykakan-filmer/1506-spanel-15-ropeum-15-2015.html,,125
44 աստիճանի տակ,2012,Հայաստան,Դրամա,Զոհրաբ Տեր-Կասպարյանց,"Սփյուռքահայ զույգը տեղափոխվում է Հայաստան՝ գյուղում ապրելու, և բախվում տեղի իրականությանը։",https://hayertv.com/uploads/posts/2016-04/1460066042_07388332.jpg,https://hayertv.com/hy/haykakan-filmer/5488-under-44-degree-44-2012.html,,126
"Տաք Երկիր, Ցուրտ Ձմեռ",2016,Հայաստան,Դրամա,Դավիթ Սաֆարյան,"Մութ ու ցուրտ տարիների Երևանը՝ արվեստագետների աչքերով, որտեղ հումորը օգնում է գոյատևել։",https://hayertv.com/uploads/posts/2016-03/1458477307_indexneu.jpg,https://hayertv.com/hy/haykakan-filmer/4984-zharkaya-strana-holodnaya-zima-tak-erkir-tsurt-dzmer-2016.html,,127
Անունս Վիոլա է,2014,Հայաստան,Դրամա,Ռուբեն Քոչար,Միայնակ աղջկա և կենսուրախ Աննայի հանդիպումը փոխում է նրանց կյանքը։,https://hayertv.com/uploads/posts/2016-01/1451842004_725996.jpg,https://hayertv.com/hy/haykakan-filmer/1627-menya-zovut-viola-my-name-is-viola-2014.html,,128
Սիրո Գործակից,2015,Հայաստան,Կատակերգություն,"Արման Մարության, Վահագն Խաչատրյան",Բիզնեսը փրկելու համար ընկերները դիմում են սիրային արկածախնդրության։,https://hayertv.com/uploads/posts/2015-12/1451571472_siro_gorcakic_siro_gorcakic_siro_gorcakic.jpg,https://hayertv.com/hy/haykakan-filmer/1147-siro-gortsakic-2015.html,,129
Որսորդը,2013,"Ռուսաստան, Հայաստան",Դրամա,Արա Արուշ,Պատերազմի հերոս Նելսոնը պայքարում է գայլի դեմ՝ փորձելով փրկել իր ընտանիքին սովից։,https://hayertv.com/uploads/posts/2016-03/1457463831_24673f7ade43b26ec1431f2be7069fe1.jpg,https://hayertv.com/hy/haykakan-filmer/4630-ohotnik-2013.html,,130
Թևանիկ,2014,Հայաստան,Դրամա,Ջիվան Ավետիսյան,Արցախյան պատերազմի ժամանակ 14-ամյա Թևանիկը դառնում է պատերազմի մասնակից։,https://hayertv.com/uploads/posts/2016-01/1452173743_tevanik.jpg,https://hayertv.com/hy/haykakan-filmer/1643-tevanik-tevanik-2014.html,,131
Ռագուիլ,2015,Հայաստան,Դրամա,Զորիկ Հովսեփյան,Հոգեբանական դրամա մարդու ներաշխարհի մասին։,https://hayertv.com/uploads/posts/2016-02/1454957472_10294288_506778999428541_8232371878890173917_n.jpg,https://hayertv.com/hy/haykakan-filmer/4044-raguil-raguel-2015.html,,132
Չներվածները,2015,Հայաստան,Դրամա,Տիգրան Նալչաջյան,"Բանտից դուրս եկած երիտասարդը փորձում է նոր կյանք սկսել, բայց ստիպված է լինում կրկին առնչվել հանցագործ աշխարհին։",https://hayertv.com/uploads/posts/2016-01/1451842919_78354663.jpg,https://hayertv.com/hy/haykakan-filmer/1618-chnervacnere-the-unforgiven-2015.html,,133
Սիրո կամուրջ,2014,Հայաստան,Կատակերգություն,Վահան Բադալյան,"Երաժշտական ներկայացում երազանքների, փառասիրության և սիրո մասին։",https://hayertv.com/uploads/posts/2016-05/1462472461_slug-15893.jpg,https://hayertv.com/hy/haykakan-filmer/6075-siro-kamurj-2014.html,,134
"Զգուշացեք, կանայք են",2016,Հայաստան,Կատակերգություն,Հենրի Քոչարյան,"Երեք կանայք բացահայտում են, որ հանդիպում են միևնույն տղամարդու հետ և որոշում են վրեժ լուծել։",https://hayertv.com/uploads/posts/2016-01/1453136747__2016_01_18_20_03_26_60.jpg,https://hayertv.com/hy/haykakan-filmer/3536-zgushaceq-kanayq-en-2016.html,,135
Հովիվը,2011,Հայաստան,Պատմական,Դավիթ Ավդալյան,Ֆիլմ Գրիգոր Նարեկացու մասին։,https://hayertv.com/uploads/posts/2016-01/1452980050_narek.jpg,https://hayertv.com/hy/haykakan-filmer/3520-hoviv-pastuh-2011.html,,136
Պապարացի,2014,Հայաստան,Կատակերգություն,Նադյա Իսպիրյան,Լուսանկարչուհին վրեժ է լուծում իրեն ծաղրած մարդկանցից՝ հրապարակելով նրանց գաղտնիքները։,https://hayertv.com/uploads/posts/2016-01/1451841682_96944521.jpg,https://hayertv.com/hy/haykakan-filmer/1628-paparaci-paparazzi-2014.html,,137
Փոխարինողը,2013,Հայաստան,Մարտաֆիլմ,Նաիրի Հակոբյան,Քրեական դրամա։,https://hayertv.com/uploads/posts/2016-03/1457041033_45400_485539288150036_2025132278_n.jpg,https://hayertv.com/hy/haykakan-filmer/4518-poxarinoge-replacer-zamenitel-2013.html,,138
Սկոտչ եւ վիսկի,2015,Հայաստան,Կատակերգություն,Արշո Հարությունյան,Ամուսնական զույգը հայտնվում է զավեշտալի և վտանգավոր իրավիճակների մեջ։,https://hayertv.com/uploads/posts/2015-12/1451505140_1448656463_slug-22987.jpg,https://hayertv.com/hy/haykakan-filmer/401-whiskey-scotch-whiskey-2015.html,,139
Բախտաբեր,2015,Հայաստան,Դրամա,Վահե Սայան,Համանուն սերիալի շարունակությունը։,https://hayertv.com/uploads/posts/2015-12/1451572622_1443860292_baxtaber-fillm-armfilm.org-soc.jpg,https://hayertv.com/hy/haykakan-filmer/1157-baxtaber-film-2015.html,,140
Հյուսիս-Հարավ,2015,Հայաստան,Կատակերգություն,Դավիթ Բաբախանյան,Ընկերները փորձում են փրկել իրավիճակը օլիգարխի ամառանոցում տեղի ունեցած միջադեպից հետո։,https://hayertv.com/uploads/posts/2015-12/1451570859_5646.jpg,https://hayertv.com/hy/haykakan-filmer/398-hyusis-harav-2015.html,,141
Առանց սահմանների,2015,"Հայաստան, Ռուսաստան, Վրաստան",Կատակերգություն,Ռեզո Գիգինեիշվիլի և այլք,"Չորս սիրային պատմություն, որոնք սկսվում են Մոսկվայի օդանավակայանում և շարունակվում Հայաստանում, Վրաստանում և Ռուսաստանում։",https://hayertv.com/uploads/posts/2015-12/1451570586_15707921.jpg,https://hayertv.com/hy/haykakan-filmer/1158-bez-granic-aranc-sahmanneri-2015.html,,142
Մի վախեցիր,2007,Հայաստան,Դրամա,Արամ Շահբազյան,Երևանցի երես առած տղան գնում է Արցախյան պատերազմ և վերադառնում որպես հասուն տղամարդ։,https://hayertv.com/uploads/posts/2016-01/1452079173_803-b1eddh5jgea.jpg,https://hayertv.com/hy/haykakan-filmer/3306-mi-vaxecir-ne-boysya-2007.html,,143
Դիալոգներ,2013,Հայաստան,Դրամա,Դիանա Կարդումյան,Երևանյան պատմություններ մարդկային փոխհարաբերությունների մասին։,https://hayertv.com/uploads/posts/2016-01/1451826068_snimok_2016_01_03_17_56_31_46.jpg,https://hayertv.com/hy/haykakan-filmer/3266-dialogner-dialogues-2013.html,,144
Չիկագո Ծաղկաձոր Տրանզիտ,2013,Հայաստան,Կատակերգություն,Ելենա Արշակյան,Զվարճալի պատմություն ընկերության և սիրո մասին։,https://hayertv.com/uploads/posts/2016-01/1451731055_807-b1eddh6bigf.jpg,https://hayertv.com/hy/haykakan-filmer/3251-chicago-caxkadzor-tranzit-2013.html,,145
Շունչը,2015,Հայաստան,Դրամա,Արշակ Զաքարյան,Ֆիլմը նվիրված է Արցախյան պատերազմի հերոսներին։,https://hayertv.com/uploads/posts/2015-12/1450457771_snimok_2015_12_18_21_49_36_879-kopiya.jpg,https://hayertv.com/hy/haykakan-filmer/2797-shunche-2015.html,,146
Ճակատագիր,2006,Հայաստան,Մարտաֆիլմ,Վահե Խաչատրյան,Աֆղանական և Արցախյան պատերազմներով անցած Գոռը պայքարում է իր ընտանիքի և հայրենիքի համար։,https://hayertv.com/uploads/posts/2016-01/1452181807_1340755343_chakatagir.jpg,https://hayertv.com/hy/haykakan-filmer/3340-chakatagir-sudba-destiny-2006.html,,147
Մարգար պապը,2011,Հայաստան,Կատակերգություն,Գուժ Թադևոսյան,Սահմանամերձ գյուղի բնակիչ Մարգար պապը պայքարում է իր հողի համար։,https://hayertv.com/uploads/posts/2015-11/1448748865_margar-pape.jpg,https://hayertv.com/hy/haykakan-filmer/2250-margar-pape-2011.html,,148
Շեն կենաս կամ be happy,2015,Հայաստան,Կատակերգություն,"Ալբերտ Յեզակյան, Էդուարդ Աբրահամյան",Հայկական կատակերգություն։,https://hayertv.com/uploads/posts/2015-11/1448747906_shen.jpg,https://hayertv.com/hy/haykakan-filmer/2249-shen-kenas-be-happy-be-happy-2015.html,,149
Ծովը,2015,Հայաստան,Դրամա,Միքայել Աբրահամյան,Սևանի ափին ապրող հիվանդ տղամարդու և նրան փրկած աղջկա պատմությունը։,https://hayertv.com/uploads/posts/2015-11/1448743643_tsove.jpg,https://hayertv.com/hy/haykakan-filmer/2248--cove-the-sea-more-2015.html,,150
Մեղքի վարձքը,2011,Հայաստան,Դրամա,Նորայր Ֆահրադյան,Ֆիլմ հատուցման և մեղքերի մասին։,https://hayertv.com/uploads/posts/2016-01/1451772687_72278396.jpg,https://hayertv.com/hy/haykakan-filmer/3256-mexqi-vardzqe-vozmezdie-za-greh-2011.html,,151
Ելք չկա,2014,Հայաստան,Դրամա,Վահե Սայան,Երիտասարդ մարզիկը հանուն ընկերոջ ներքաշվում է վտանգավոր պատմության մեջ։,https://hayertv.com/uploads/posts/2015-12/1451573607_893257.jpg,https://hayertv.com/hy/haykakan-filmer/359-elq-chka-vyhoda-net-2014.html,,152
Սուպեր Մամա,2014,Հայաստան,Կատակերգություն,"Արման Մարության, Վահագն Խաչատրյան",Խարդախը կերպարանափոխվում է կնոջ՝ բարեգործական հիմնադրամից գումար կորզելու համար։,https://hayertv.com/uploads/posts/2015-12/1451574761_98882518.png,https://hayertv.com/hy/haykakan-filmer/339-super-mama-2014.html,,153
Իմ փոքրիկ փեսացուն,2015,Հայաստան,Կատակերգություն,Սարգիս Սեպուհյան,Ընտանեկան կատակերգություն մանկական աշխարհի և մեծահասակների փոխհարաբերությունների մասին։,https://hayertv.com/uploads/posts/2015-12/1451575067_88381057.jpg,https://hayertv.com/hy/haykakan-filmer/347-im-poqrik-pesacun-2015.html,,154
"Շնորհակալություն, Հայրիկ",2014,Հայաստան,Կատակերգություն,Հրաչ Քեշիշյան,Նյու Յորքում բնակվող աղջիկը ժառանգություն ստանալու համար պետք է ամուսնանա Բարգավոճ անունով հայ տղամարդու հետ։,https://hayertv.com/uploads/posts/2015-12/1451575464_armjanskij_film-thank_you_hayrik-thank_you-dad.jpg,https://hayertv.com/hy/haykakan-filmer/348-thank-you-spasibo-pap-2014.html,,155
Մեր սրտի տնակը,2014,"Ռուսաստան, Հայաստան",Կատակերգություն,Հրաչ Քեշիշյան,Միայնակ հայրը պարտքերի պատճառով ստիպված է լինում կեղծ ամուսնություն կնքել իր գործատուի հետ։,https://hayertv.com/uploads/posts/2015-12/1451576004_the-house-in-the-heart-1_0.jpg,https://hayertv.com/hy/haykakan-filmer/350-mer-srti-tnake-domik-v-serdce-2014.html,,156
Չեզոք գոտի,2013,Հայաստան,Մարտաֆիլմ,Արտակ Զիլֆիմյան,Հատուկ ջոկատայինները գնում են թշնամու թիկունք՝ գերիներին ազատելու։,https://hayertv.com/uploads/posts/2016-01/1451642208_46537982.jpg,https://hayertv.com/hy/haykakan-filmer/1648-chezoq-goti-neytralnaya-zona-2013.html,,157
Մոխրաման,2011,Հայաստան,Դրամա,Լիլիթ Մովսիսյան,"Նարեկը երազում է ֆիլմ նկարահանել իրական սպանության մասին և գտնում է մեկին, ով պատրաստ է զոհվել։",https://hayertv.com/uploads/posts/2016-01/1451642371_1421314069_poster-573848.jpg,https://hayertv.com/hy/haykakan-filmer/1647-mokhraman-pepelnica-2011.html,,158
Կաուչո,2013,Հայաստան,Դրամա,Լիլիթ Մովսիսյան,Երեք արվեստագետներ որոշում են մինչև ներկայացման պրեմիերան խոսել միայն պիեսի երկխոսություններով։,https://hayertv.com/uploads/posts/2016-01/1451642569_38117493.jpg,https://hayertv.com/hy/haykakan-filmer/1646-caucho-kaucho-2013.html,,159
Ընդհատված մանկություն,2014,Հայաստան,Դրամա,Ջիվան Ավետիսյան,Իրական դեպքերի վրա հիմնված ֆիլմ Մարաղայի ջարդերի և փոքրիկ աղջկա գերեվարման մասին։,https://hayertv.com/uploads/posts/2016-01/1451767423_1403927465_80093219.jpg,https://hayertv.com/hy/haykakan-filmer/1642-endhatvac-mankutyun-2014.html,,160
Մեռյալ հովիտ,2014,Հայաստան,Սարսափ,Ռոման Մուշեղյան,Մի խումբ երիտասարդներ գնում են «Մեռյալ հովիտ» և բախվում անբացատրելի երևույթների։,https://hayertv.com/uploads/posts/2016-01/1451672305_mertvyj_les.jpg,https://hayertv.com/hy/haykakan-filmer/1640-meryal-hovit-the-dead-forest-2014.html,,161
Ետ նայիր,2014,Հայաստան,Դրամա,Արման Գևորգյան,Հերոսը վերանայում է իր կյանքը և փորձում ուղղել անցյալի սխալները։,https://hayertv.com/uploads/posts/2016-01/1451767660_838647.jpg,https://hayertv.com/hy/haykakan-filmer/1639-et-nayir-oglyanis-2014.html,,162
Կիսալուսնի Ծովածոցը,2014,Հայաստան,Դրամա,Մարինե Զաքարյան,Վիլյամ Սարոյանի ստեղծագործությունների մոտիվներով նկարահանված ֆիլմ։,https://hayertv.com/uploads/posts/2016-01/1451767826_kisalusni_covacoce.jpg,https://hayertv.com/hy/haykakan-filmer/1632-kisalusni-covacoce-2014.html,,163
Մեր գյուղը կամ հարսնացուն Ջերմուկից,1997,Հայաստան,Կատակերգություն,"Սուրեն Բաբայան, Գարիկ Մաշկարյան",Զվարճալի պատմություններ հայկական գյուղի կյանքից։,https://hayertv.com/uploads/posts/2016-01/1451840791_847-b1eddi5gdja.jpg,https://hayertv.com/hy/haykakan-filmer/1630-mer-gyuxe-kam-harsnacun-jermukic-1997.html,,164
Ռոմանտիկները,2014,Հայաստան,Դրամա,Արեգ Ազատյան,Երիտասարդ դերասանի ծննդյան տոնը վերածվում է ողբերգության։,https://hayertv.com/uploads/posts/2016-01/1451840970_1421834956.jpg,https://hayertv.com/hy/haykakan-filmer/1629-romantiknere-romantiki-2014.html,,165
Հիշողություն,2014,Հայաստան,Պատմական,Քաջայր Հակոբյան,Ֆիլմը նվիրված է Հայոց ցեղասպանության հիշատակին։,https://hayertv.com/uploads/posts/2016-01/1451842393_26432573.jpg,https://hayertv.com/hy/haykakan-filmer/1624-hishoxutyun-memory-2014.html,,166
Ապակե կախազարդ,2014,Հայաստան,Դրամա,Հրաչ Քեշիշյան,Երիտասարդ զինվորը իմանում է ընկերուհու հղիության մասին և փախչում զորամասից։,https://hayertv.com/uploads/posts/2016-01/1451842857_1374582961_apake-kakhazard.jpg,https://hayertv.com/hy/haykakan-filmer/1623-apake-kaxazard-apake-kahazard-2014.html,,167
Խաղ իմ կանոններով,2015,Հայաստան,Կատակերգություն,Միքայել Բագրազյան,"Սիրային խաղ, որը դուրս է գալիս վերահսկողությունից։",https://hayertv.com/uploads/posts/2015-12/1451573748_312-b1echh9hidb.jpg,https://hayertv.com/hy/haykakan-filmer/346-xax-im-kanonnerov-2015.html,,168
Սպանված աղավնի,2009,Հայաստան,Դրամա,Հրաչ Քեշիշյան,Նար-Դոսի վիպակի էկրանավորումը կնոջ ողբերգական ճակատագրի մասին։,https://hayertv.com/uploads/posts/2016-01/1451844606_1343993441_spanvats-aghavni.jpg,https://hayertv.com/hy/haykakan-filmer/1655-spanvac-aghavni-ubityy-golub-2009.html,,169
Արտիստը,2010,Հայաստան,Դրամա,Զառա Սարգսյան-Կասպարյանց,Շիրվանզադեի համանուն պատմվածքի էկրանավորումը։,https://hayertv.com/uploads/posts/2016-01/1451845122_artistthemovie-first1.jpg,https://hayertv.com/hy/haykakan-filmer/1654-artiste-artist-2010.html,,170
Հոբելյանական հաճախորդ,2012,Հայաստան,Դրամա,Արա Երնջակյան,Տղամարդու և կնոջ հարաբերությունների մասին դրամա։,https://hayertv.com/uploads/posts/2016-01/1451847405_1331049616_hobelyanakan-hajaxord.jpg,https://hayertv.com/hy/haykakan-filmer/1653-hobelyanakan-hachaxord-2012.html,,171
Համար 6,2014,Հայաստան,Կատակերգություն,Էդուարդ Շահնազարյան,Ֆիլմը կոտրում է «6» թվի հետ կապված սնահավատությունները։,https://hayertv.com/uploads/posts/2016-01/1451847355_1404930517_slug-10541.jpg,https://hayertv.com/hy/haykakan-filmer/1652-hamar-vec-6-2014.html,,172
Դուռը բաց,2011,Հայաստան,Կատակերգություն,Ավագ Ավագյան,Երկու ընկերների արկածները Վրաստանում։,https://hayertv.com/uploads/posts/2016-01/1451846457_dure-bac.jpg,https://hayertv.com/hy/haykakan-filmer/1651-dure-bac-otkrytaya-dver-2011.html,,173
"Մեծ պատմություն, փոքր քաղաքում",2006,Հայաստան,Կատակերգություն,Գոռ Կիրակոսյան,"Դիահերձարանում շփոթում են երկու հանգուցյալների, ինչը հանգեցնում է զավեշտալի իրավիճակների։",https://hayertv.comhttps://hayertv.org/uploads/posts/2016-01/1452173878_1331429267_mec_patmutyun_poqr_qaxaqum.jpg,https://hayertv.com/hy/haykakan-filmer/1641--2006.html,,174
Ձայն լռության,2012,Հայաստան,Դրամա,Վիգեն Չալդրանյան,Սփյուռքահայ նկարչի ինքնաճանաչման և արմատների փնտրտուքի մասին։,https://hayertv.com/uploads/posts/2016-01/1452172835_maxresdefault.jpg,https://hayertv.com/hy/haykakan-filmer/1637-dzayn-lrucyan-glas-molchaniya-2012.html,,175
Նոր տանը մենակ,2014,Հայաստան,Կատակերգություն,Արտակ Զիլֆիմյան,«Տանը մենակ» ֆիլմի հայկական տարբերակը։,https://hayertv.com/uploads/posts/2016-01/1452176879_nor_tany_menak_article.jpg,https://hayertv.com/hy/haykakan-filmer/1625-nor-tane-menak-new-home-alone-2014.html,,176
Թափառում,2011,Հայաստան,Դրամա,Արշալույս Հարությունյան,Ֆիլմ ուղեղի փոխպատվաստման և հոգու անմահության մասին՝ հումորային մատուցմամբ։,https://hayertv.com/uploads/posts/2016-01/1452177530_74780823.jpg,https://hayertv.com/hy/haykakan-filmer/1622-taparum-wandering-2011.html,,177
Երազանք 19:27,2015,Հայաստան,Կատակերգություն,Դավիթ Սիմոնյան,Գյուղացի երիտասարդի և քաղաքաբնակ մեծահարուստի ճակատագրերի հատման մասին։,https://hayertv.com/uploads/posts/2016-01/1452177368_1429979935_erazanq.jpg,https://hayertv.com/hy/haykakan-filmer/1621-erazanq-1927-1927-2015.html,,178
Կատատոնիա,2014,Հայաստան,Դրամա,Կարեն Խոսրովյան,Երիտասարդ երաժշտի հոգեբանական ապրումները։,https://hayertv.com/uploads/posts/2016-01/1452179373_maxresdefault.jpg,https://hayertv.com/hy/haykakan-filmer/1619-catatonia-2014.html,,179
Թափանցիկ Տանիքներ,2015,Հայաստան,Դրամա,Լուսինե Սարգսյան,"Միայնակ կանանց պատմություններ, ովքեր փնտրում են երջանկություն և սեր։",https://hayertv.com/uploads/posts/2016-01/1452180310_14118677.jpg,https://hayertv.com/hy/haykakan-filmer/1617-tapancik-taniqner-2015.html,,180
Կորած մոլորվածը Հայաստանում,2012,Հայաստան,Կատակերգություն,Գոռ Կիրակոսյան,"Ամերիկացի զբոսաշրջիկը պատահաբար հայտնվում է Հայաստանում, որտեղ նրան լրտեսի տեղ են դնում։",https://hayertv.com/uploads/posts/2016-01/1452180445_xlpnhp0.jpg,https://hayertv.com/hy/haykakan-filmer/357-korac-molorvate-hayastanum-2012.html,,181
Գարեգին Նժդեհ,2013,Հայաստան,Կենսագրական,Հրաչ Քեշիշյան,Ֆիլմ հայ ազգային հերոս Գարեգին Նժդեհի կյանքի և պայքարի մասին։,https://hayertv.com/uploads/posts/2016-01/1452172939_89091910.jpg,https://hayertv.com/hy/haykakan-filmer/358-garegin-nzhdeh-2013.html,,182
Պոկեր.am,2012,Հայաստան,Կատակերգություն,Ռուբեն Ջաղինյան,"Ռեստորանի աշխատակիցը պատրաստվում է ամուսնության առաջարկ անել, բայց հայտնվում է զավեշտալի իրավիճակների մեջ։",https://hayertv.com/uploads/posts/2016-01/1452181121_708246.jpg,https://hayertv.com/hy/haykakan-filmer/355-pokeram.html,,183
Վազիր կնոջդ մոտ,2013,Հայաստան,Կատակերգություն,Արմեն Միրզոյան,Տղամարդը ունի երկու կին և փորձում է թաքցնել դա՝ ընկնելով անհավանական պատմությունների մեջ։,https://hayertv.com/uploads/posts/2016-01/1452181670_1390499630_vazir-knojt-mot.jpg,https://hayertv.com/hy/haykakan-filmer/354-vazir-knojd-mot-2013.html,,184
Նախաճաշ 2-ի Համար,2013,Հայաստան,Կատակերգություն,Կորյուն Մայիլյան,Սիրային և կենցաղային զավեշտալի պատմություն։,https://hayertv.com/uploads/posts/2017-09/1506545560_naxachash1.jpg,https://hayertv.com/hy/haykakan-filmer/353-naxachash-2-i-hamar-2-2013.html,,185
Ուրիշի փոխարեն,2014,Հայաստան,Կատակերգություն,Հրանտ Երիցկինյան,ԱՄՆ-ում մեծացած հայ պլաստիկ վիրաբույժը գալիս է Հայաստան և ներքաշվում հանցավոր աշխարհի գործերի մեջ։,https://hayertv.com/uploads/posts/2015-12/1451576128_61908030.jpg,https://hayertv.com/hy/haykakan-filmer/349-urishi-poxaren.html,,186
